{
  "accuracy": 0.19111111111111112,
  "precision_macro": 0.18590828905334683,
  "recall_macro": 0.1911111111111111,
  "inference_mean_ms": 0.0635071281605633,
  "inference_std_ms": 0.04690762478608417,
  "n_inference_runs": 5000,
  "model_size_kb": 0.0
}